name,pos
pos_0101_0002.png,1
pos_0101_0003.png,1
pos_0101_0005.png,1
pos_0101_0007.png,1
pos_0101_0009.png,1
pos_0101_0010.png,1
pos_0101_0012.png,1
pos_0101_0013.png,1
pos_0101_0014.png,1
pos_0101_0015.png,1
pos_0101_0016.png,1
pos_0101_0017.png,1
pos_0101_0018.png,1
pos_0101_0020.png,1
pos_0101_0022.png,1
pos_0101_0023.png,1
pos_0101_0024.png,1
pos_0101_0025.png,1
pos_0101_0027.png,1
pos_0101_0028.png,1
pos_0101_0030.png,1
pos_0101_0031.png,1
pos_0101_0032.png,1
pos_0101_0033.png,1
pos_0101_0034.png,1
pos_0101_0037.png,1
pos_0101_0038.png,1
pos_0101_0040.png,1
pos_0101_0043.png,1
pos_0101_0044.png,1
pos_0101_0045.png,1
pos_0101_0046.png,1
pos_0101_0047.png,1
pos_0101_0048.png,1
pos_0101_0049.png,1
pos_0101_0050.png,1
pos_0101_0052.png,1
pos_0101_0053.png,1
pos_0101_0054.png,1
pos_0101_0056.png,1
pos_0101_0057.png,1
pos_0101_0058.png,1
pos_0101_0060.png,1
pos_0101_0061.png,1
pos_0101_0062.png,1
pos_0101_0063.png,1
pos_0101_0064.png,1
pos_0101_0065.png,1
pos_0101_0066.png,1
pos_0101_0067.png,1
pos_0101_0068.png,1
pos_0101_0069.png,1
pos_0101_0070.png,1
pos_0101_0071.png,1
pos_0101_0072.png,1
pos_0106_0001.png,2
pos_0106_0002.png,2
pos_0106_0003.png,2
pos_0106_0004.png,2
pos_0106_0005.png,2
pos_0106_0006.png,2
pos_0106_0007.png,2
pos_0106_0008.png,2
pos_0106_0010.png,2
pos_0106_0011.png,2
pos_0106_0012.png,2
pos_0106_0013.png,2
pos_0106_0015.png,2
pos_0106_0016.png,2
pos_0106_0017.png,2
pos_0106_0018.png,2
pos_0106_0019.png,2
pos_0106_0021.png,2
pos_0106_0022.png,2
pos_0106_0023.png,2
pos_0106_0024.png,2
pos_0106_0025.png,2
pos_0106_0026.png,2
pos_0106_0027.png,2
pos_0106_0028.png,2
pos_0106_0029.png,2
pos_0106_0030.png,2
pos_0106_0031.png,2
pos_0106_0034.png,2
pos_0106_0035.png,2
pos_0106_0036.png,2
pos_0106_0037.png,2
pos_0106_0039.png,2
pos_0106_0040.png,2
pos_0106_0043.png,2
pos_0106_0044.png,2
pos_0106_0045.png,2
pos_0106_0047.png,2
pos_0106_0048.png,2
pos_0106_0050.png,2
pos_0106_0051.png,2
pos_0106_0052.png,2
pos_0106_0053.png,2
pos_0106_0054.png,2
pos_0106_0055.png,2
pos_0106_0056.png,2
pos_0106_0057.png,2
pos_0106_0058.png,2
pos_0106_0059.png,2
pos_0106_0060.png,2
pos_0106_0062.png,2
pos_0106_0063.png,2
pos_0106_0064.png,2
pos_0106_0066.png,2
pos_0106_0067.png,2
pos_0106_0068.png,2
pos_0106_0069.png,2
pos_0106_0070.png,2
pos_0106_0071.png,2
pos_0106_0072.png,2
pos_0106_0073.png,2
pos_0106_0074.png,2
pos_0106_0075.png,2
pos_0106_0076.png,2
pos_0106_0077.png,2
pos_0106_0079.png,2
pos_0112_0001.png,3
pos_0112_0002.png,3
pos_0112_0003.png,3
pos_0112_0004.png,3
pos_0112_0005.png,3
pos_0112_0006.png,3
pos_0112_0008.png,3
pos_0112_0009.png,3
pos_0112_0010.png,3
pos_0112_0011.png,3
pos_0112_0013.png,3
pos_0112_0014.png,3
pos_0112_0015.png,3
pos_0112_0016.png,3
pos_0112_0017.png,3
pos_0112_0018.png,3
pos_0112_0019.png,3
pos_0112_0020.png,3
pos_0112_0021.png,3
pos_0112_0023.png,3
pos_0112_0024.png,3
pos_0112_0026.png,3
pos_0112_0027.png,3
pos_0112_0028.png,3
pos_0112_0029.png,3
pos_0112_0030.png,3
pos_0112_0031.png,3
pos_0112_0032.png,3
pos_0112_0034.png,3
pos_0112_0035.png,3
pos_0112_0036.png,3
pos_0112_0037.png,3
pos_0112_0038.png,3
pos_0112_0039.png,3
pos_0112_0040.png,3
pos_0112_0041.png,3
pos_0112_0042.png,3
pos_0112_0043.png,3
pos_0112_0044.png,3
pos_0112_0045.png,3
pos_0112_0046.png,3
pos_0112_0047.png,3
pos_0112_0049.png,3
pos_0112_0050.png,3
pos_0112_0051.png,3
pos_0112_0052.png,3
pos_0112_0053.png,3
pos_0112_0054.png,3
pos_0112_0055.png,3
pos_0112_0056.png,3
pos_0112_0059.png,3
pos_0112_0060.png,3
pos_0112_0061.png,3
pos_0112_0063.png,3
pos_0112_0064.png,3
pos_0112_0066.png,3
pos_0112_0067.png,3
pos_0112_0068.png,3
pos_0112_0069.png,3
pos_0112_0071.png,3
pos_0112_0072.png,3
pos_0112_0073.png,3
pos_0112_0074.png,3
pos_0112_0076.png,3
pos_0112_0078.png,3
pos_0112_0079.png,3
pos_0401_0001.png,4
pos_0401_0002.png,4
pos_0401_0003.png,4
pos_0401_0004.png,4
pos_0401_0005.png,4
pos_0401_0008.png,4
pos_0401_0009.png,4
pos_0401_0010.png,4
pos_0401_0011.png,4
pos_0401_0012.png,4
pos_0401_0013.png,4
pos_0401_0014.png,4
pos_0401_0015.png,4
pos_0401_0016.png,4
pos_0401_0018.png,4
pos_0401_0019.png,4
pos_0401_0020.png,4
pos_0401_0021.png,4
pos_0401_0022.png,4
pos_0401_0024.png,4
pos_0401_0025.png,4
pos_0401_0027.png,4
pos_0401_0028.png,4
pos_0401_0029.png,4
pos_0401_0030.png,4
pos_0401_0031.png,4
pos_0401_0032.png,4
pos_0401_0035.png,4
pos_0401_0036.png,4
pos_0401_0037.png,4
pos_0401_0040.png,4
pos_0401_0041.png,4
pos_0401_0045.png,4
pos_0401_0046.png,4
pos_0401_0047.png,4
pos_0401_0048.png,4
pos_0401_0049.png,4
pos_0401_0050.png,4
pos_0401_0051.png,4
pos_0401_0052.png,4
pos_0401_0053.png,4
pos_0401_0054.png,4
pos_0401_0055.png,4
pos_0401_0056.png,4
pos_0401_0057.png,4
pos_0401_0058.png,4
pos_0401_0059.png,4
pos_0401_0060.png,4
pos_0401_0063.png,4
pos_0401_0064.png,4
pos_0401_0065.png,4
pos_0401_0066.png,4
pos_0401_0067.png,4
pos_0401_0068.png,4
pos_0401_0069.png,4
pos_0401_0070.png,4
pos_0401_0071.png,4
pos_0401_0072.png,4
pos_0401_0073.png,4
pos_0401_0074.png,4
pos_0401_0075.png,4
pos_0401_0076.png,4
pos_0401_0077.png,4
pos_0401_0078.png,4
pos_0406_0001.png,5
pos_0406_0002.png,5
pos_0406_0003.png,5
pos_0406_0004.png,5
pos_0406_0005.png,5
pos_0406_0007.png,5
pos_0406_0009.png,5
pos_0406_0011.png,5
pos_0406_0013.png,5
pos_0406_0014.png,5
pos_0406_0017.png,5
pos_0406_0018.png,5
pos_0406_0019.png,5
pos_0406_0020.png,5
pos_0406_0022.png,5
pos_0406_0023.png,5
pos_0406_0024.png,5
pos_0406_0026.png,5
pos_0406_0027.png,5
pos_0406_0028.png,5
pos_0406_0030.png,5
pos_0406_0031.png,5
pos_0406_0032.png,5
pos_0406_0033.png,5
pos_0406_0034.png,5
pos_0406_0035.png,5
pos_0406_0036.png,5
pos_0406_0038.png,5
pos_0406_0039.png,5
pos_0406_0040.png,5
pos_0406_0042.png,5
pos_0406_0044.png,5
pos_0406_0046.png,5
pos_0406_0047.png,5
pos_0406_0048.png,5
pos_0406_0049.png,5
pos_0406_0050.png,5
pos_0406_0051.png,5
pos_0406_0053.png,5
pos_0406_0054.png,5
pos_0406_0055.png,5
pos_0406_0056.png,5
pos_0406_0058.png,5
pos_0406_0059.png,5
pos_0406_0060.png,5
pos_0406_0061.png,5
pos_0406_0062.png,5
pos_0406_0063.png,5
pos_0406_0064.png,5
pos_0406_0065.png,5
pos_0406_0066.png,5
pos_0406_0068.png,5
pos_0406_0069.png,5
pos_0406_0070.png,5
pos_0406_0071.png,5
pos_0406_0072.png,5
pos_0406_0073.png,5
pos_0406_0074.png,5
pos_0406_0075.png,5
pos_0406_0076.png,5
pos_0406_0077.png,5
pos_0406_0078.png,5
pos_0406_0079.png,5
pos_0412_0002.png,6
pos_0412_0003.png,6
pos_0412_0006.png,6
pos_0412_0007.png,6
pos_0412_0009.png,6
pos_0412_0010.png,6
pos_0412_0011.png,6
pos_0412_0012.png,6
pos_0412_0013.png,6
pos_0412_0014.png,6
pos_0412_0015.png,6
pos_0412_0016.png,6
pos_0412_0017.png,6
pos_0412_0018.png,6
pos_0412_0020.png,6
pos_0412_0021.png,6
pos_0412_0022.png,6
pos_0412_0024.png,6
pos_0412_0025.png,6
pos_0412_0026.png,6
pos_0412_0027.png,6
pos_0412_0029.png,6
pos_0412_0030.png,6
pos_0412_0031.png,6
pos_0412_0032.png,6
pos_0412_0033.png,6
pos_0412_0034.png,6
pos_0412_0035.png,6
pos_0412_0036.png,6
pos_0412_0037.png,6
pos_0412_0039.png,6
pos_0412_0040.png,6
pos_0412_0041.png,6
pos_0412_0042.png,6
pos_0412_0044.png,6
pos_0412_0046.png,6
pos_0412_0047.png,6
pos_0412_0049.png,6
pos_0412_0050.png,6
pos_0412_0052.png,6
pos_0412_0055.png,6
pos_0412_0056.png,6
pos_0412_0057.png,6
pos_0412_0059.png,6
pos_0412_0060.png,6
pos_0412_0062.png,6
pos_0412_0063.png,6
pos_0412_0064.png,6
pos_0412_0066.png,6
pos_0412_0067.png,6
pos_0412_0068.png,6
pos_0412_0069.png,6
pos_0412_0070.png,6
pos_0412_0071.png,6
pos_0412_0072.png,6
pos_0412_0073.png,6
pos_0412_0074.png,6
pos_0412_0075.png,6
pos_0412_0076.png,6
pos_0412_0077.png,6
pos_0412_0078.png,6
pos_0412_0079.png,6
pos_0701_0001.png,7
pos_0701_0002.png,7
pos_0701_0003.png,7
pos_0701_0004.png,7
pos_0701_0005.png,7
pos_0701_0006.png,7
pos_0701_0007.png,7
pos_0701_0008.png,7
pos_0701_0009.png,7
pos_0701_0010.png,7
pos_0701_0011.png,7
pos_0701_0012.png,7
pos_0701_0013.png,7
pos_0701_0015.png,7
pos_0701_0016.png,7
pos_0701_0018.png,7
pos_0701_0019.png,7
pos_0701_0020.png,7
pos_0701_0021.png,7
pos_0701_0022.png,7
pos_0701_0023.png,7
pos_0701_0025.png,7
pos_0701_0026.png,7
pos_0701_0027.png,7
pos_0701_0028.png,7
pos_0701_0029.png,7
pos_0701_0030.png,7
pos_0701_0031.png,7
pos_0701_0033.png,7
pos_0701_0037.png,7
pos_0701_0038.png,7
pos_0701_0040.png,7
pos_0701_0041.png,7
pos_0701_0042.png,7
pos_0701_0043.png,7
pos_0701_0045.png,7
pos_0701_0046.png,7
pos_0701_0047.png,7
pos_0701_0048.png,7
pos_0701_0049.png,7
pos_0701_0052.png,7
pos_0701_0054.png,7
pos_0701_0055.png,7
pos_0701_0056.png,7
pos_0701_0058.png,7
pos_0701_0060.png,7
pos_0701_0062.png,7
pos_0701_0065.png,7
pos_0701_0066.png,7
pos_0701_0069.png,7
pos_0701_0070.png,7
pos_0701_0071.png,7
pos_0701_0072.png,7
pos_0701_0073.png,7
pos_0701_0075.png,7
pos_0701_0078.png,7
pos_0706_0001.png,8
pos_0706_0003.png,8
pos_0706_0004.png,8
pos_0706_0005.png,8
pos_0706_0006.png,8
pos_0706_0007.png,8
pos_0706_0008.png,8
pos_0706_0009.png,8
pos_0706_0010.png,8
pos_0706_0011.png,8
pos_0706_0012.png,8
pos_0706_0013.png,8
pos_0706_0014.png,8
pos_0706_0015.png,8
pos_0706_0018.png,8
pos_0706_0019.png,8
pos_0706_0020.png,8
pos_0706_0021.png,8
pos_0706_0022.png,8
pos_0706_0023.png,8
pos_0706_0025.png,8
pos_0706_0026.png,8
pos_0706_0027.png,8
pos_0706_0030.png,8
pos_0706_0031.png,8
pos_0706_0032.png,8
pos_0706_0033.png,8
pos_0706_0035.png,8
pos_0706_0036.png,8
pos_0706_0037.png,8
pos_0706_0038.png,8
pos_0706_0040.png,8
pos_0706_0041.png,8
pos_0706_0042.png,8
pos_0706_0043.png,8
pos_0706_0044.png,8
pos_0706_0045.png,8
pos_0706_0046.png,8
pos_0706_0047.png,8
pos_0706_0048.png,8
pos_0706_0050.png,8
pos_0706_0051.png,8
pos_0706_0052.png,8
pos_0706_0053.png,8
pos_0706_0054.png,8
pos_0706_0055.png,8
pos_0706_0056.png,8
pos_0706_0057.png,8
pos_0706_0058.png,8
pos_0706_0059.png,8
pos_0706_0060.png,8
pos_0706_0061.png,8
pos_0706_0064.png,8
pos_0706_0066.png,8
pos_0706_0067.png,8
pos_0706_0068.png,8
pos_0706_0070.png,8
pos_0706_0071.png,8
pos_0706_0072.png,8
pos_0706_0073.png,8
pos_0706_0074.png,8
pos_0706_0075.png,8
pos_0706_0076.png,8
pos_0706_0077.png,8
pos_0706_0078.png,8
pos_0706_0079.png,8
pos_0712_0001.png,9
pos_0712_0003.png,9
pos_0712_0004.png,9
pos_0712_0005.png,9
pos_0712_0006.png,9
pos_0712_0007.png,9
pos_0712_0008.png,9
pos_0712_0009.png,9
pos_0712_0010.png,9
pos_0712_0011.png,9
pos_0712_0012.png,9
pos_0712_0013.png,9
pos_0712_0014.png,9
pos_0712_0015.png,9
pos_0712_0017.png,9
pos_0712_0019.png,9
pos_0712_0020.png,9
pos_0712_0021.png,9
pos_0712_0024.png,9
pos_0712_0025.png,9
pos_0712_0026.png,9
pos_0712_0027.png,9
pos_0712_0028.png,9
pos_0712_0030.png,9
pos_0712_0031.png,9
pos_0712_0032.png,9
pos_0712_0033.png,9
pos_0712_0034.png,9
pos_0712_0035.png,9
pos_0712_0036.png,9
pos_0712_0037.png,9
pos_0712_0038.png,9
pos_0712_0039.png,9
pos_0712_0040.png,9
pos_0712_0041.png,9
pos_0712_0042.png,9
pos_0712_0044.png,9
pos_0712_0046.png,9
pos_0712_0047.png,9
pos_0712_0048.png,9
pos_0712_0049.png,9
pos_0712_0050.png,9
pos_0712_0051.png,9
pos_0712_0052.png,9
pos_0712_0053.png,9
pos_0712_0054.png,9
pos_0712_0055.png,9
pos_0712_0056.png,9
pos_0712_0057.png,9
pos_0712_0058.png,9
pos_0712_0059.png,9
pos_0712_0060.png,9
pos_0712_0061.png,9
pos_0712_0062.png,9
pos_0712_0063.png,9
pos_0712_0064.png,9
pos_0712_0065.png,9
pos_0712_0066.png,9
pos_0712_0067.png,9
pos_0712_0068.png,9
pos_0712_0069.png,9
pos_0712_0071.png,9
pos_0712_0073.png,9
pos_0712_0075.png,9
pos_0712_0076.png,9
pos_0712_0077.png,9
pos_0712_0079.png,9
pos_0712_0080.png,9
pos_1001_0002.png,10
pos_1001_0003.png,10
pos_1001_0004.png,10
pos_1001_0005.png,10
pos_1001_0007.png,10
pos_1001_0008.png,10
pos_1001_0009.png,10
pos_1001_0010.png,10
pos_1001_0011.png,10
pos_1001_0012.png,10
pos_1001_0013.png,10
pos_1001_0014.png,10
pos_1001_0016.png,10
pos_1001_0017.png,10
pos_1001_0018.png,10
pos_1001_0019.png,10
pos_1001_0020.png,10
pos_1001_0021.png,10
pos_1001_0023.png,10
pos_1001_0024.png,10
pos_1001_0025.png,10
pos_1001_0027.png,10
pos_1001_0028.png,10
pos_1001_0030.png,10
pos_1001_0031.png,10
pos_1001_0034.png,10
pos_1001_0035.png,10
pos_1001_0036.png,10
pos_1001_0037.png,10
pos_1001_0038.png,10
pos_1001_0039.png,10
pos_1001_0040.png,10
pos_1001_0041.png,10
pos_1001_0043.png,10
pos_1001_0045.png,10
pos_1001_0046.png,10
pos_1001_0047.png,10
pos_1001_0048.png,10
pos_1001_0049.png,10
pos_1001_0050.png,10
pos_1001_0051.png,10
pos_1001_0052.png,10
pos_1001_0053.png,10
pos_1001_0054.png,10
pos_1001_0056.png,10
pos_1001_0057.png,10
pos_1001_0058.png,10
pos_1001_0059.png,10
pos_1001_0060.png,10
pos_1001_0061.png,10
pos_1001_0063.png,10
pos_1001_0064.png,10
pos_1001_0066.png,10
pos_1001_0067.png,10
pos_1001_0068.png,10
pos_1001_0069.png,10
pos_1001_0071.png,10
pos_1001_0072.png,10
pos_1001_0073.png,10
pos_1001_0076.png,10
pos_1001_0077.png,10
pos_1001_0078.png,10
pos_1001_0080.png,10
pos_1006_0001.png,11
pos_1006_0002.png,11
pos_1006_0003.png,11
pos_1006_0005.png,11
pos_1006_0006.png,11
pos_1006_0008.png,11
pos_1006_0009.png,11
pos_1006_0010.png,11
pos_1006_0011.png,11
pos_1006_0012.png,11
pos_1006_0014.png,11
pos_1006_0015.png,11
pos_1006_0016.png,11
pos_1006_0018.png,11
pos_1006_0019.png,11
pos_1006_0020.png,11
pos_1006_0022.png,11
pos_1006_0023.png,11
pos_1006_0024.png,11
pos_1006_0025.png,11
pos_1006_0026.png,11
pos_1006_0028.png,11
pos_1006_0030.png,11
pos_1006_0034.png,11
pos_1006_0036.png,11
pos_1006_0037.png,11
pos_1006_0038.png,11
pos_1006_0039.png,11
pos_1006_0040.png,11
pos_1006_0041.png,11
pos_1006_0042.png,11
pos_1006_0043.png,11
pos_1006_0045.png,11
pos_1006_0046.png,11
pos_1006_0047.png,11
pos_1006_0048.png,11
pos_1006_0049.png,11
pos_1006_0050.png,11
pos_1006_0051.png,11
pos_1006_0053.png,11
pos_1006_0054.png,11
pos_1006_0055.png,11
pos_1006_0057.png,11
pos_1006_0058.png,11
pos_1006_0059.png,11
pos_1006_0060.png,11
pos_1006_0062.png,11
pos_1006_0063.png,11
pos_1006_0064.png,11
pos_1006_0065.png,11
pos_1006_0067.png,11
pos_1006_0068.png,11
pos_1006_0071.png,11
pos_1006_0072.png,11
pos_1006_0074.png,11
pos_1006_0075.png,11
pos_1006_0076.png,11
pos_1006_0077.png,11
pos_1006_0079.png,11
pos_1006_0080.png,11
pos_1012_0001.png,12
pos_1012_0002.png,12
pos_1012_0003.png,12
pos_1012_0004.png,12
pos_1012_0005.png,12
pos_1012_0006.png,12
pos_1012_0007.png,12
pos_1012_0008.png,12
pos_1012_0010.png,12
pos_1012_0011.png,12
pos_1012_0012.png,12
pos_1012_0013.png,12
pos_1012_0015.png,12
pos_1012_0016.png,12
pos_1012_0019.png,12
pos_1012_0020.png,12
pos_1012_0021.png,12
pos_1012_0022.png,12
pos_1012_0024.png,12
pos_1012_0025.png,12
pos_1012_0026.png,12
pos_1012_0027.png,12
pos_1012_0028.png,12
pos_1012_0030.png,12
pos_1012_0032.png,12
pos_1012_0033.png,12
pos_1012_0034.png,12
pos_1012_0035.png,12
pos_1012_0036.png,12
pos_1012_0037.png,12
pos_1012_0038.png,12
pos_1012_0039.png,12
pos_1012_0040.png,12
pos_1012_0041.png,12
pos_1012_0042.png,12
pos_1012_0043.png,12
pos_1012_0044.png,12
pos_1012_0046.png,12
pos_1012_0047.png,12
pos_1012_0049.png,12
pos_1012_0050.png,12
pos_1012_0052.png,12
pos_1012_0053.png,12
pos_1012_0054.png,12
pos_1012_0055.png,12
pos_1012_0057.png,12
pos_1012_0058.png,12
pos_1012_0060.png,12
pos_1012_0061.png,12
pos_1012_0062.png,12
pos_1012_0063.png,12
pos_1012_0064.png,12
pos_1012_0065.png,12
pos_1012_0066.png,12
pos_1012_0068.png,12
pos_1012_0069.png,12
pos_1012_0070.png,12
pos_1012_0072.png,12
pos_1012_0073.png,12
pos_1012_0074.png,12
pos_1012_0075.png,12
pos_1012_0076.png,12
pos_1012_0077.png,12
pos_1012_0078.png,12
pos_1012_0079.png,12
pos_1012_0080.png,12
pos_1301_0001.png,13
pos_1301_0003.png,13
pos_1301_0004.png,13
pos_1301_0007.png,13
pos_1301_0008.png,13
pos_1301_0010.png,13
pos_1301_0011.png,13
pos_1301_0012.png,13
pos_1301_0013.png,13
pos_1301_0014.png,13
pos_1301_0015.png,13
pos_1301_0016.png,13
pos_1301_0017.png,13
pos_1301_0018.png,13
pos_1301_0019.png,13
pos_1301_0020.png,13
pos_1301_0023.png,13
pos_1301_0024.png,13
pos_1301_0025.png,13
pos_1301_0026.png,13
pos_1301_0027.png,13
pos_1301_0028.png,13
pos_1301_0029.png,13
pos_1301_0030.png,13
pos_1301_0031.png,13
pos_1301_0032.png,13
pos_1301_0033.png,13
pos_1301_0034.png,13
pos_1301_0035.png,13
pos_1301_0036.png,13
pos_1301_0037.png,13
pos_1301_0039.png,13
pos_1301_0040.png,13
pos_1301_0041.png,13
pos_1301_0042.png,13
pos_1301_0043.png,13
pos_1301_0044.png,13
pos_1301_0045.png,13
pos_1301_0046.png,13
pos_1301_0047.png,13
pos_1301_0049.png,13
pos_1301_0050.png,13
pos_1301_0051.png,13
pos_1301_0054.png,13
pos_1301_0055.png,13
pos_1301_0057.png,13
pos_1301_0059.png,13
pos_1301_0060.png,13
pos_1301_0061.png,13
pos_1301_0062.png,13
pos_1301_0064.png,13
pos_1301_0066.png,13
pos_1301_0067.png,13
pos_1301_0068.png,13
pos_1301_0069.png,13
pos_1301_0070.png,13
pos_1301_0071.png,13
pos_1301_0072.png,13
pos_1301_0074.png,13
pos_1301_0075.png,13
pos_1301_0076.png,13
pos_1301_0077.png,13
pos_1301_0078.png,13
pos_1301_0079.png,13
pos_1301_0080.png,13
pos_1306_0003.png,14
pos_1306_0004.png,14
pos_1306_0005.png,14
pos_1306_0006.png,14
pos_1306_0007.png,14
pos_1306_0009.png,14
pos_1306_0011.png,14
pos_1306_0014.png,14
pos_1306_0015.png,14
pos_1306_0016.png,14
pos_1306_0018.png,14
pos_1306_0021.png,14
pos_1306_0022.png,14
pos_1306_0023.png,14
pos_1306_0024.png,14
pos_1306_0026.png,14
pos_1306_0027.png,14
pos_1306_0029.png,14
pos_1306_0030.png,14
pos_1306_0032.png,14
pos_1306_0033.png,14
pos_1306_0034.png,14
pos_1306_0035.png,14
pos_1306_0037.png,14
pos_1306_0038.png,14
pos_1306_0039.png,14
pos_1306_0040.png,14
pos_1306_0041.png,14
pos_1306_0042.png,14
pos_1306_0044.png,14
pos_1306_0045.png,14
pos_1306_0047.png,14
pos_1306_0048.png,14
pos_1306_0050.png,14
pos_1306_0051.png,14
pos_1306_0053.png,14
pos_1306_0054.png,14
pos_1306_0055.png,14
pos_1306_0056.png,14
pos_1306_0057.png,14
pos_1306_0058.png,14
pos_1306_0059.png,14
pos_1306_0061.png,14
pos_1306_0062.png,14
pos_1306_0064.png,14
pos_1306_0065.png,14
pos_1306_0066.png,14
pos_1306_0067.png,14
pos_1306_0068.png,14
pos_1306_0069.png,14
pos_1306_0070.png,14
pos_1306_0071.png,14
pos_1306_0073.png,14
pos_1306_0074.png,14
pos_1306_0075.png,14
pos_1312_0001.png,15
pos_1312_0002.png,15
pos_1312_0003.png,15
pos_1312_0005.png,15
pos_1312_0006.png,15
pos_1312_0007.png,15
pos_1312_0008.png,15
pos_1312_0009.png,15
pos_1312_0010.png,15
pos_1312_0011.png,15
pos_1312_0013.png,15
pos_1312_0014.png,15
pos_1312_0015.png,15
pos_1312_0016.png,15
pos_1312_0017.png,15
pos_1312_0018.png,15
pos_1312_0019.png,15
pos_1312_0020.png,15
pos_1312_0024.png,15
pos_1312_0025.png,15
pos_1312_0026.png,15
pos_1312_0028.png,15
pos_1312_0030.png,15
pos_1312_0031.png,15
pos_1312_0033.png,15
pos_1312_0034.png,15
pos_1312_0037.png,15
pos_1312_0040.png,15
pos_1312_0043.png,15
pos_1312_0044.png,15
pos_1312_0045.png,15
pos_1312_0046.png,15
pos_1312_0047.png,15
pos_1312_0048.png,15
pos_1312_0049.png,15
pos_1312_0050.png,15
pos_1312_0051.png,15
pos_1312_0052.png,15
pos_1312_0054.png,15
pos_1312_0055.png,15
pos_1312_0056.png,15
pos_1312_0057.png,15
pos_1312_0058.png,15
pos_1312_0059.png,15
pos_1312_0060.png,15
pos_1312_0061.png,15
pos_1312_0063.png,15
pos_1312_0065.png,15
pos_1312_0067.png,15
pos_1312_0069.png,15
pos_1312_0070.png,15
pos_1312_0071.png,15
pos_1312_0072.png,15
pos_1312_0078.png,15
pos_1601_0002.png,16
pos_1601_0003.png,16
pos_1601_0006.png,16
pos_1601_0007.png,16
pos_1601_0010.png,16
pos_1601_0011.png,16
pos_1601_0012.png,16
pos_1601_0013.png,16
pos_1601_0014.png,16
pos_1601_0017.png,16
pos_1601_0018.png,16
pos_1601_0019.png,16
pos_1601_0020.png,16
pos_1601_0022.png,16
pos_1601_0023.png,16
pos_1601_0024.png,16
pos_1601_0026.png,16
pos_1601_0028.png,16
pos_1601_0029.png,16
pos_1601_0030.png,16
pos_1601_0031.png,16
pos_1601_0032.png,16
pos_1601_0033.png,16
pos_1601_0034.png,16
pos_1601_0035.png,16
pos_1601_0038.png,16
pos_1601_0040.png,16
pos_1601_0042.png,16
pos_1601_0043.png,16
pos_1601_0045.png,16
pos_1601_0046.png,16
pos_1601_0049.png,16
pos_1601_0050.png,16
pos_1601_0051.png,16
pos_1601_0052.png,16
pos_1601_0053.png,16
pos_1601_0054.png,16
pos_1601_0056.png,16
pos_1601_0057.png,16
pos_1601_0058.png,16
pos_1601_0059.png,16
pos_1601_0061.png,16
pos_1601_0062.png,16
pos_1601_0063.png,16
pos_1601_0064.png,16
pos_1601_0065.png,16
pos_1601_0066.png,16
pos_1601_0067.png,16
pos_1601_0068.png,16
pos_1601_0069.png,16
pos_1601_0071.png,16
pos_1601_0072.png,16
pos_1601_0073.png,16
pos_1601_0075.png,16
pos_1601_0076.png,16
pos_1601_0077.png,16
pos_1601_0078.png,16
pos_1606_0001.png,17
pos_1606_0002.png,17
pos_1606_0003.png,17
pos_1606_0006.png,17
pos_1606_0008.png,17
pos_1606_0009.png,17
pos_1606_0010.png,17
pos_1606_0011.png,17
pos_1606_0012.png,17
pos_1606_0013.png,17
pos_1606_0014.png,17
pos_1606_0016.png,17
pos_1606_0017.png,17
pos_1606_0019.png,17
pos_1606_0021.png,17
pos_1606_0022.png,17
pos_1606_0023.png,17
pos_1606_0024.png,17
pos_1606_0025.png,17
pos_1606_0026.png,17
pos_1606_0027.png,17
pos_1606_0028.png,17
pos_1606_0029.png,17
pos_1606_0030.png,17
pos_1606_0031.png,17
pos_1606_0032.png,17
pos_1606_0033.png,17
pos_1606_0034.png,17
pos_1606_0035.png,17
pos_1606_0036.png,17
pos_1606_0037.png,17
pos_1606_0038.png,17
pos_1606_0039.png,17
pos_1606_0040.png,17
pos_1606_0041.png,17
pos_1606_0042.png,17
pos_1606_0044.png,17
pos_1606_0045.png,17
pos_1606_0047.png,17
pos_1606_0048.png,17
pos_1606_0049.png,17
pos_1606_0050.png,17
pos_1606_0051.png,17
pos_1606_0052.png,17
pos_1606_0053.png,17
pos_1606_0054.png,17
pos_1606_0055.png,17
pos_1606_0056.png,17
pos_1606_0057.png,17
pos_1606_0058.png,17
pos_1606_0059.png,17
pos_1606_0060.png,17
pos_1606_0061.png,17
pos_1606_0062.png,17
pos_1606_0063.png,17
pos_1606_0065.png,17
pos_1606_0066.png,17
pos_1606_0067.png,17
pos_1606_0068.png,17
pos_1606_0069.png,17
pos_1606_0072.png,17
pos_1606_0073.png,17
pos_1606_0074.png,17
pos_1606_0075.png,17
pos_1606_0076.png,17
pos_1606_0077.png,17
pos_1606_0078.png,17
pos_1612_0001.png,18
pos_1612_0002.png,18
pos_1612_0003.png,18
pos_1612_0004.png,18
pos_1612_0005.png,18
pos_1612_0006.png,18
pos_1612_0007.png,18
pos_1612_0008.png,18
pos_1612_0009.png,18
pos_1612_0011.png,18
pos_1612_0013.png,18
pos_1612_0015.png,18
pos_1612_0016.png,18
pos_1612_0017.png,18
pos_1612_0018.png,18
pos_1612_0019.png,18
pos_1612_0020.png,18
pos_1612_0021.png,18
pos_1612_0022.png,18
pos_1612_0023.png,18
pos_1612_0024.png,18
pos_1612_0025.png,18
pos_1612_0026.png,18
pos_1612_0027.png,18
pos_1612_0029.png,18
pos_1612_0031.png,18
pos_1612_0032.png,18
pos_1612_0033.png,18
pos_1612_0034.png,18
pos_1612_0036.png,18
pos_1612_0037.png,18
pos_1612_0038.png,18
pos_1612_0039.png,18
pos_1612_0040.png,18
pos_1612_0041.png,18
pos_1612_0042.png,18
pos_1612_0043.png,18
pos_1612_0044.png,18
pos_1612_0045.png,18
pos_1612_0046.png,18
pos_1612_0047.png,18
pos_1612_0049.png,18
pos_1612_0050.png,18
pos_1612_0051.png,18
pos_1612_0052.png,18
pos_1612_0053.png,18
pos_1612_0054.png,18
pos_1612_0055.png,18
pos_1612_0056.png,18
pos_1901_0001.png,19
pos_1901_0002.png,19
pos_1901_0004.png,19
pos_1901_0005.png,19
pos_1901_0006.png,19
pos_1901_0007.png,19
pos_1901_0008.png,19
pos_1901_0009.png,19
pos_1901_0010.png,19
pos_1901_0011.png,19
pos_1901_0012.png,19
pos_1901_0013.png,19
pos_1901_0014.png,19
pos_1901_0015.png,19
pos_1901_0016.png,19
pos_1901_0017.png,19
pos_1901_0018.png,19
pos_1901_0019.png,19
pos_1901_0020.png,19
pos_1901_0021.png,19
pos_1901_0024.png,19
pos_1901_0025.png,19
pos_1901_0028.png,19
pos_1901_0029.png,19
pos_1901_0030.png,19
pos_1901_0031.png,19
pos_1901_0032.png,19
pos_1901_0033.png,19
pos_1901_0035.png,19
pos_1901_0036.png,19
pos_1901_0037.png,19
pos_1901_0038.png,19
pos_1901_0040.png,19
pos_1901_0042.png,19
pos_1901_0043.png,19
pos_1901_0044.png,19
pos_1901_0045.png,19
pos_1901_0046.png,19
pos_1901_0047.png,19
pos_1901_0048.png,19
pos_1901_0050.png,19
pos_1901_0051.png,19
pos_1901_0052.png,19
pos_1901_0053.png,19
pos_1901_0054.png,19
pos_1901_0055.png,19
pos_1901_0056.png,19
pos_1901_0057.png,19
pos_1901_0058.png,19
pos_1901_0059.png,19
pos_1901_0061.png,19
pos_1901_0062.png,19
pos_1901_0063.png,19
pos_1901_0064.png,19
pos_1901_0066.png,19
pos_1901_0067.png,19
pos_1901_0068.png,19
pos_1901_0069.png,19
pos_1901_0070.png,19
pos_1901_0072.png,19
pos_1901_0073.png,19
pos_1901_0074.png,19
pos_1901_0075.png,19
pos_1901_0076.png,19
pos_1906_0001.png,20
pos_1906_0002.png,20
pos_1906_0006.png,20
pos_1906_0007.png,20
pos_1906_0008.png,20
pos_1906_0009.png,20
pos_1906_0010.png,20
pos_1906_0011.png,20
pos_1906_0012.png,20
pos_1906_0013.png,20
pos_1906_0014.png,20
pos_1906_0015.png,20
pos_1906_0017.png,20
pos_1906_0018.png,20
pos_1906_0021.png,20
pos_1906_0022.png,20
pos_1906_0023.png,20
pos_1906_0024.png,20
pos_1906_0025.png,20
pos_1906_0026.png,20
pos_1906_0027.png,20
pos_1906_0028.png,20
pos_1906_0029.png,20
pos_1906_0030.png,20
pos_1906_0031.png,20
pos_1906_0032.png,20
pos_1906_0033.png,20
pos_1906_0036.png,20
pos_1906_0037.png,20
pos_1906_0038.png,20
pos_1906_0040.png,20
pos_1906_0041.png,20
pos_1906_0043.png,20
pos_1906_0044.png,20
pos_1906_0045.png,20
pos_1906_0046.png,20
pos_1906_0047.png,20
pos_1906_0049.png,20
pos_1906_0050.png,20
pos_1906_0051.png,20
pos_1906_0052.png,20
pos_1906_0053.png,20
pos_1906_0054.png,20
pos_1906_0055.png,20
pos_1906_0056.png,20
pos_1906_0057.png,20
pos_1906_0059.png,20
pos_1906_0060.png,20
pos_1906_0061.png,20
pos_1906_0062.png,20
pos_1906_0063.png,20
pos_1906_0064.png,20
pos_1906_0065.png,20
pos_1906_0066.png,20
pos_1906_0067.png,20
pos_1906_0068.png,20
pos_1906_0069.png,20
pos_1906_0070.png,20
pos_1906_0071.png,20
pos_1906_0072.png,20
pos_1906_0073.png,20
pos_1906_0074.png,20
pos_1906_0075.png,20
pos_1906_0076.png,20
pos_1906_0077.png,20
pos_1912_0001.png,21
pos_1912_0002.png,21
pos_1912_0003.png,21
pos_1912_0004.png,21
pos_1912_0006.png,21
pos_1912_0007.png,21
pos_1912_0008.png,21
pos_1912_0009.png,21
pos_1912_0010.png,21
pos_1912_0012.png,21
pos_1912_0013.png,21
pos_1912_0014.png,21
pos_1912_0017.png,21
pos_1912_0018.png,21
pos_1912_0019.png,21
pos_1912_0020.png,21
pos_1912_0022.png,21
pos_1912_0023.png,21
pos_1912_0024.png,21
pos_1912_0025.png,21
pos_1912_0026.png,21
pos_1912_0027.png,21
pos_1912_0028.png,21
pos_1912_0030.png,21
pos_1912_0031.png,21
pos_1912_0033.png,21
pos_1912_0034.png,21
pos_1912_0035.png,21
pos_1912_0036.png,21
pos_1912_0037.png,21
pos_1912_0038.png,21
pos_1912_0039.png,21
pos_1912_0041.png,21
pos_1912_0042.png,21
pos_1912_0045.png,21
pos_1912_0046.png,21
pos_1912_0047.png,21
pos_1912_0049.png,21
pos_1912_0050.png,21
pos_1912_0051.png,21
pos_1912_0052.png,21
pos_1912_0053.png,21
pos_1912_0054.png,21
pos_1912_0055.png,21
pos_1912_0056.png,21
pos_1912_0057.png,21
pos_1912_0059.png,21
pos_1912_0062.png,21
pos_1912_0064.png,21
pos_1912_0065.png,21
pos_1912_0066.png,21
pos_1912_0067.png,21
pos_1912_0069.png,21
pos_1912_0070.png,21
pos_1912_0071.png,21
pos_1912_0072.png,21
pos_1912_0073.png,21
pos_1912_0074.png,21
pos_1912_0076.png,21
pos_2201_0001.png,22
pos_2201_0002.png,22
pos_2201_0003.png,22
pos_2201_0004.png,22
pos_2201_0006.png,22
pos_2201_0007.png,22
pos_2201_0008.png,22
pos_2201_0009.png,22
pos_2201_0010.png,22
pos_2201_0011.png,22
pos_2201_0012.png,22
pos_2201_0013.png,22
pos_2201_0016.png,22
pos_2201_0017.png,22
pos_2201_0018.png,22
pos_2201_0019.png,22
pos_2201_0020.png,22
pos_2201_0023.png,22
pos_2201_0024.png,22
pos_2201_0025.png,22
pos_2201_0026.png,22
pos_2201_0027.png,22
pos_2201_0030.png,22
pos_2201_0031.png,22
pos_2201_0032.png,22
pos_2201_0033.png,22
pos_2201_0034.png,22
pos_2201_0035.png,22
pos_2201_0036.png,22
pos_2201_0037.png,22
pos_2201_0038.png,22
pos_2201_0040.png,22
pos_2201_0041.png,22
pos_2201_0043.png,22
pos_2201_0044.png,22
pos_2201_0045.png,22
pos_2201_0046.png,22
pos_2201_0047.png,22
pos_2201_0048.png,22
pos_2201_0049.png,22
pos_2201_0050.png,22
pos_2201_0051.png,22
pos_2201_0052.png,22
pos_2201_0053.png,22
pos_2201_0054.png,22
pos_2201_0056.png,22
pos_2201_0057.png,22
pos_2201_0058.png,22
pos_2201_0061.png,22
pos_2201_0062.png,22
pos_2201_0063.png,22
pos_2201_0064.png,22
pos_2201_0067.png,22
pos_2201_0068.png,22
pos_2201_0069.png,22
pos_2201_0070.png,22
pos_2201_0071.png,22
pos_2201_0072.png,22
pos_2201_0073.png,22
pos_2201_0074.png,22
pos_2201_0075.png,22
pos_2201_0076.png,22
pos_2201_0077.png,22
pos_2201_0078.png,22
pos_2201_0079.png,22
pos_2206_0001.png,23
pos_2206_0002.png,23
pos_2206_0003.png,23
pos_2206_0004.png,23
pos_2206_0005.png,23
pos_2206_0006.png,23
pos_2206_0008.png,23
pos_2206_0009.png,23
pos_2206_0010.png,23
pos_2206_0011.png,23
pos_2206_0012.png,23
pos_2206_0013.png,23
pos_2206_0014.png,23
pos_2206_0016.png,23
pos_2206_0017.png,23
pos_2206_0018.png,23
pos_2206_0019.png,23
pos_2206_0020.png,23
pos_2206_0021.png,23
pos_2206_0023.png,23
pos_2206_0024.png,23
pos_2206_0025.png,23
pos_2206_0026.png,23
pos_2206_0027.png,23
pos_2206_0028.png,23
pos_2206_0029.png,23
pos_2206_0033.png,23
pos_2206_0035.png,23
pos_2206_0036.png,23
pos_2206_0037.png,23
pos_2206_0038.png,23
pos_2206_0040.png,23
pos_2206_0041.png,23
pos_2206_0042.png,23
pos_2206_0043.png,23
pos_2206_0044.png,23
pos_2206_0046.png,23
pos_2206_0047.png,23
pos_2206_0048.png,23
pos_2206_0049.png,23
pos_2206_0050.png,23
pos_2206_0051.png,23
pos_2206_0052.png,23
pos_2206_0054.png,23
pos_2206_0056.png,23
pos_2206_0057.png,23
pos_2206_0058.png,23
pos_2206_0060.png,23
pos_2206_0061.png,23
pos_2206_0062.png,23
pos_2206_0063.png,23
pos_2206_0064.png,23
pos_2206_0065.png,23
pos_2206_0066.png,23
pos_2206_0067.png,23
pos_2206_0068.png,23
pos_2206_0069.png,23
pos_2206_0070.png,23
pos_2206_0072.png,23
pos_2206_0073.png,23
pos_2206_0075.png,23
pos_2206_0076.png,23
pos_2212_0001.png,24
pos_2212_0002.png,24
pos_2212_0003.png,24
pos_2212_0004.png,24
pos_2212_0006.png,24
pos_2212_0007.png,24
pos_2212_0008.png,24
pos_2212_0010.png,24
pos_2212_0011.png,24
pos_2212_0012.png,24
pos_2212_0014.png,24
pos_2212_0015.png,24
pos_2212_0018.png,24
pos_2212_0021.png,24
pos_2212_0023.png,24
pos_2212_0024.png,24
pos_2212_0026.png,24
pos_2212_0027.png,24
pos_2212_0028.png,24
pos_2212_0029.png,24
pos_2212_0030.png,24
pos_2212_0031.png,24
pos_2212_0032.png,24
pos_2212_0033.png,24
pos_2212_0034.png,24
pos_2212_0036.png,24
pos_2212_0037.png,24
pos_2212_0038.png,24
pos_2212_0039.png,24
pos_2212_0041.png,24
pos_2212_0044.png,24
pos_2212_0045.png,24
pos_2212_0046.png,24
pos_2212_0047.png,24
pos_2212_0048.png,24
pos_2212_0049.png,24
pos_2212_0050.png,24
pos_2212_0051.png,24
pos_2212_0052.png,24
pos_2212_0053.png,24
pos_2212_0054.png,24
pos_2212_0055.png,24
pos_2212_0056.png,24
pos_2212_0057.png,24
pos_2212_0058.png,24
pos_2212_0059.png,24
pos_2212_0060.png,24
pos_2212_0061.png,24
pos_2212_0062.png,24
pos_2212_0063.png,24
pos_2212_0064.png,24
pos_2212_0065.png,24
pos_2212_0066.png,24
pos_2212_0067.png,24
pos_2212_0068.png,24
pos_2212_0069.png,24
pos_2212_0070.png,24
pos_2212_0072.png,24
pos_2212_0073.png,24
pos_2212_0074.png,24
pos_2212_0075.png,24
pos_2212_0076.png,24
pos_2212_0077.png,24
pos_2212_0078.png,24
pos_2212_0079.png,24
pos_2212_0080.png,24
pos_2501_0001.png,25
pos_2501_0002.png,25
pos_2501_0003.png,25
pos_2501_0004.png,25
pos_2501_0005.png,25
pos_2501_0006.png,25
pos_2501_0007.png,25
pos_2501_0008.png,25
pos_2501_0009.png,25
pos_2501_0010.png,25
pos_2501_0011.png,25
pos_2501_0012.png,25
pos_2501_0013.png,25
pos_2501_0014.png,25
pos_2501_0015.png,25
pos_2501_0016.png,25
pos_2501_0017.png,25
pos_2501_0018.png,25
pos_2501_0019.png,25
pos_2501_0020.png,25
pos_2501_0021.png,25
pos_2501_0022.png,25
pos_2501_0023.png,25
pos_2501_0024.png,25
pos_2501_0025.png,25
pos_2501_0026.png,25
pos_2501_0027.png,25
pos_2501_0028.png,25
pos_2501_0029.png,25
pos_2501_0030.png,25
pos_2501_0031.png,25
pos_2501_0032.png,25
pos_2501_0033.png,25
pos_2501_0034.png,25
pos_2501_0035.png,25
pos_2501_0036.png,25
pos_2501_0037.png,25
pos_2501_0038.png,25
pos_2501_0039.png,25
pos_2501_0040.png,25
pos_2501_0042.png,25
pos_2501_0043.png,25
pos_2501_0044.png,25
pos_2501_0045.png,25
pos_2501_0046.png,25
pos_2501_0047.png,25
pos_2501_0048.png,25
pos_2501_0049.png,25
pos_2501_0050.png,25
pos_2501_0051.png,25
pos_2501_0052.png,25
pos_2501_0053.png,25
pos_2501_0056.png,25
pos_2501_0057.png,25
pos_2501_0059.png,25
pos_2501_0060.png,25
pos_2501_0061.png,25
pos_2501_0062.png,25
pos_2501_0063.png,25
pos_2501_0064.png,25
pos_2501_0065.png,25
pos_2501_0066.png,25
pos_2501_0067.png,25
pos_2501_0068.png,25
pos_2501_0069.png,25
pos_2501_0070.png,25
pos_2501_0071.png,25
pos_2506_0001.png,26
pos_2506_0003.png,26
pos_2506_0004.png,26
pos_2506_0005.png,26
pos_2506_0007.png,26
pos_2506_0008.png,26
pos_2506_0009.png,26
pos_2506_0010.png,26
pos_2506_0011.png,26
pos_2506_0012.png,26
pos_2506_0015.png,26
pos_2506_0017.png,26
pos_2506_0019.png,26
pos_2506_0020.png,26
pos_2506_0023.png,26
pos_2506_0024.png,26
pos_2506_0026.png,26
pos_2506_0027.png,26
pos_2506_0028.png,26
pos_2506_0029.png,26
pos_2506_0030.png,26
pos_2506_0031.png,26
pos_2506_0032.png,26
pos_2506_0033.png,26
pos_2506_0034.png,26
pos_2506_0035.png,26
pos_2506_0036.png,26
pos_2506_0038.png,26
pos_2506_0040.png,26
pos_2506_0041.png,26
pos_2506_0042.png,26
pos_2506_0045.png,26
pos_2506_0047.png,26
pos_2506_0048.png,26
pos_2506_0049.png,26
pos_2506_0050.png,26
pos_2506_0052.png,26
pos_2506_0053.png,26
pos_2506_0054.png,26
pos_2506_0056.png,26
pos_2506_0057.png,26
pos_2506_0058.png,26
pos_2506_0059.png,26
pos_2506_0060.png,26
pos_2506_0061.png,26
pos_2506_0062.png,26
pos_2506_0063.png,26
pos_2506_0064.png,26
pos_2506_0066.png,26
pos_2506_0067.png,26
pos_2512_0002.png,27
pos_2512_0003.png,27
pos_2512_0005.png,27
pos_2512_0006.png,27
pos_2512_0007.png,27
pos_2512_0008.png,27
pos_2512_0009.png,27
pos_2512_0010.png,27
pos_2512_0011.png,27
pos_2512_0012.png,27
pos_2512_0013.png,27
pos_2512_0014.png,27
pos_2512_0015.png,27
pos_2512_0016.png,27
pos_2512_0017.png,27
pos_2512_0018.png,27
pos_2512_0021.png,27
pos_2512_0022.png,27
pos_2512_0023.png,27
pos_2512_0024.png,27
pos_2512_0025.png,27
pos_2512_0026.png,27
pos_2512_0027.png,27
pos_2512_0029.png,27
pos_2512_0030.png,27
pos_2512_0031.png,27
pos_2512_0032.png,27
pos_2512_0033.png,27
pos_2512_0037.png,27
pos_2512_0039.png,27
pos_2512_0041.png,27
pos_2512_0043.png,27
pos_2512_0044.png,27
pos_2512_0045.png,27
pos_2512_0046.png,27
pos_2512_0047.png,27
pos_2512_0048.png,27
pos_2512_0049.png,27
pos_2512_0050.png,27
pos_2512_0051.png,27
pos_2512_0053.png,27
pos_2512_0054.png,27
pos_2512_0055.png,27
pos_2512_0056.png,27
pos_2512_0057.png,27
pos_2512_0058.png,27
pos_2512_0060.png,27
pos_2512_0061.png,27
pos_2512_0062.png,27
pos_2512_0063.png,27
pos_2512_0064.png,27
pos_2512_0065.png,27
pos_2512_0066.png,27
pos_2512_0068.png,27
pos_2512_0070.png,27
pos_2512_0071.png,27
pos_2512_0072.png,27
pos_2512_0073.png,27
pos_2512_0074.png,27
pos_2512_0075.png,27
pos_2512_0076.png,27
